Question ID,max_marks,full_question,solution,student_answer,Correct marks,AI Marks,AI mark label,AI Marker's Staged Explanation,AI Marker's Summarised Explanation,rubric_json,extracted_marking_guideline
i001,1,"When it is 09 00 in Singapore, it is 11 00 in Melbourne. Madam
Rohaya called her husband who was working in Melbourne at 01 30
Singapore time. What was the time in Melbourne when Madam Rohaya
called her husband?","09 00 $\xrightarrow{\;2h\;}$ 11 00
Melbourne is 2 hours ahead of Singapore.

01 30 $\xrightarrow{\;2h\;}$ 03 30
Ans: 03 30",03 30,1,1,High Confidence,"Final answer step summary: The time in Melbourne was 03 30.
Marker's rationale: The student's answer matches the solution because the time given, 03 30, is exactly the required answer, no units are needed, and the format (24-hour with a space separator) is acceptable under the guidelines.","The final answer ‚Äú03 30‚Äù exactly matches the required time; no units are needed and the 24-hour format with a space separator is acceptable, so the response is correct.","[
  {
    ""step_code"": ""Final answer"",
    ""step_summary"": ""The time in Melbourne was 03 30."",
    ""evidence_required"": ""03 30"",
    ""mark_value"": ""1"",
    ""units_required"": ""none""
  }
]","B) General marking standards  
3. All answers must be precise and exact unless otherwise stated.

C) Common presentation errors  
5. Redundancy ‚Äì Leading zero, trailing zero, and zero place holders  
   Trailing zeros on number pattern can be accepted  
   - 0.900 (correct)

E) Alternative format provided by students  

3. Time  
When question states that the answer has to be in 24 hour format, for example: 09 50, only accept the following variations. Do not accept 12-hour formats.  
E.g.  
- 09 50 (Correct)  
- 0950 (Correct)  
- 09:50 (Correct)  
- 9 50 (Wrong)"
i002,1,"Which two points (A, B, C and D) will form a right angle when we draw two straight lines from these two points to join to point X?

![Image](https://storage.googleapis.com/geniebook/images/question/Default Folder/19694a_qsn_img_0_1604936482.png)",Points B and D,bd,0,0,High Confidence,"Final answer step summary: Points B and D form the required right angle with X.
Marker's rationale: The student's answer does not match the solution because, although the chosen points are correct, the letters are written in lowercase ('bd') instead of the required uppercase ('B, D'), violating the specified presentation rule for geometry labels.","Although the correct points (B and D) were selected, the student wrote them in lowercase (‚Äúbd‚Äù), violating the rule that geometry labels must be uppercase; therefore, the otherwise correct choice is marked incorrect.","[
  {
    ""step_code"": ""Final answer"",
    ""step_summary"": ""Points B and D form the required right angle with X."",
    ""evidence_required"": ""Points B and D"",
    ""mark_value"": ""1"",
    ""units_required"": ""none""
  }
]","B) General marking standards  
3. All answers must be precise and exact unless otherwise stated.  

C) Common presentation errors  
12. Labelling for geometry questions needs to strictly follow the question. When the given letters are in capital form, the answers given by students have to also be in capital letter.  
    E.g.  
    - AB (correct)  
    - ab (wrong)  
    - ‚à†ABC (correct)  
    - ‚à†abc (wrong)  
    - angle ABC (correct)  
    - angle abc (wrong)  

D) Units related marking  
1. Angles without a degree sign will be marked down.  
    E.g.  
    - 90¬∫ (correct)  
    - 90 degrees (correct)  
    - 90 (wrong)  
    - 90 degree (correct)"
i003,2,342 min $=$ ______ h ______ min,"60, 120, 180, 240, 300, 360, ...

Maximum multiple of 60 min $=$ 300 min, which gives us 5 hours

342 min $-$ 300 min $=$ 42 min
342 min $=$ 5 h 42 min 
Ans: 5 h 42 min",6h 10min,0,0,High Confidence,"S1 step summary: Determine the greatest whole number of hours contained in 342 minutes
Marker's rationale: The student's answer does not match the solution because no evidence of identifying 5 hours (the greatest whole number of hours in 342 minutes) is present.

Final answer step summary: State the equivalent time in hours and remaining minutes
Marker's rationale: The student's answer does not match the solution because the stated time 6 h 10 min is not equivalent to 5 h 42 min, even though units and format are acceptable.","No evidence was shown for identifying the greatest whole hours in 342 minutes (5 h), and the final answer ‚Äú6 h 10 min‚Äù is not equivalent to ‚Äú5 h 42 min.‚Äù While units and formatting are fine, the missing step and incorrect equivalence result in no credit.","[
  {
    ""step_code"": ""S1"",
    ""step_summary"": ""Determine the greatest whole number of hours contained in 342 minutes"",
    ""evidence_required"": ""5 h"",
    ""mark_value"": ""1"",
    ""units_required"": ""none""
  },
  {
    ""step_code"": ""Final answer"",
    ""step_summary"": ""State the equivalent time in hours and remaining minutes"",
    ""evidence_required"": ""5 h 42 min"",
    ""mark_value"": ""2"",
    ""units_required"": ""none""
  }
]","B) General marking standards  
3. All answers must be precise and exact unless otherwise stated.  

C) Common presentation errors  
5. Redundancy ‚Äì Leading zero, trailing zero, and zero place holders  
   E.g.  
   - 8L 020 mL (wrong)  
   - 8L 20 mL (correct)  
   - 0 m 95 cm (wrong)  
   - 95 cm (correct)  
   (Apply the same idea to times; unnecessary leading zeros such as ‚Äú05 h‚Äù may be penalised.)  

E) Alternative format provided by students  
4. Duration  
   Original answer: 2h 45 min  
   - 2h 45 mins (Correct)  
   - 2h 45 m (Wrong)"
i004,2,"Fill in the correct number of minutes and seconds.

[Previous Question Part]
Question Part 1:
78 s $=$ ________ min _______ s
Question Part 2:
90 s $=$ ________ min _______ s
Question Part 3:
142 s $=$ ________ min _______ s
Question Part 4:
127 s $=$ ________ min _______ s
Question Part 5:
195 s $=$ ________ min _______ s
Question Part 6:
206 s $=$ ________ min _______ s
Question Part 7:
248 s $=$ ________ min _______ s
Question Part 8:
430 s $=$ ________ min _______ s
Question Part 9:
335 s $=$ ________ min _______ s

[Question]
600 s $=$ ________ min _______ s",10 min  0 s,10 min,1,1,Low Confidence,"S1 step summary: Find the number of whole minutes in 600 seconds
Marker's rationale: The student's answer fully matches the solution because the value ""10 min"" is present, showing the correct number of whole minutes in 600 s.

Final answer step summary: State minutes and remaining seconds
Marker's rationale: The student's answer does not match the solution because it omits the seconds part; hence it is not equivalent to ‚Äú10 min 0 s‚Äù, lacks the required ‚Äús‚Äù unit, and the format is incomplete.","The student correctly found ‚Äú10 min‚Äù as the number of whole minutes in 600 s, earning the step mark. However, the final answer omitted the seconds component and the ‚Äús‚Äù unit, so it is not equivalent to ‚Äú10 min 0 s,‚Äù making the final response incomplete/incorrect.","[
  {
    ""step_code"": ""S1"",
    ""step_summary"": ""Find the number of whole minutes in 600 seconds"",
    ""evidence_required"": ""10 min"",
    ""mark_value"": ""1"",
    ""units_required"": ""none""
  },
  {
    ""step_code"": ""Final answer"",
    ""step_summary"": ""State minutes and remaining seconds"",
    ""evidence_required"": ""10 min 0 s"",
    ""mark_value"": ""2"",
    ""units_required"": ""none""
  }
]","B) General marking standards  
3. All answers must be precise and exact unless otherwise stated.  

C) Common presentation errors  
5. Redundancy ‚Äì Leading zero, trailing zero, and zero place holders  
   E.g.  
   - 8L 020 mL (wrong)  
   - 8L 20 mL (correct)  
   (Similar idea applies to unnecessary leading or trailing zeros in time answers, e.g. writing ‚Äú010 min‚Äù for ‚Äú10 min‚Äù would be penalised.)  

E) Alternative format provided by students  

4. Duration  
Original answer: 2h 45 min  
- 2h 45 mins (Correct)  
- 2h 45 m (Wrong)  

(For this question, equivalent variations such as ‚Äú10 min 0 s‚Äù, ‚Äú10 mins 0 sec‚Äù, ‚Äú10 minutes 0 seconds‚Äù, etc. follow the same rule: the unit ‚Äúmin/mins/minutes‚Äù must be spelt correctly, and the unit ‚Äús/sec/seconds‚Äù must be clear; abbreviations must not be incorrect.)"
i005,3,"Jane went shopping in 5 different shops with some money. She spent
an average of \$5$n$ per shop. She spent \$45 in the first shop and
spent \$6$n$ more in the second shop than in the first shop.
What was the average amount of money she spent in the remaining
shops? Express your answer in terms of $n$.","Total amount of money spent in the 5 shops 
$=$ 5 $\times$ \$5$n$ 
$=$ \$25$n$ 

Amount of money spent in the first shop $=$ \$45 

Amount of money spent in the second shop $=$ \$(45 $+$ 6$n$)

Total amount of money spent in the first and second shop 
$=$ \$(45 $+$ 45 $+$ 6$n$) 
$=$ \$(90 $+$ 6$n$)

Total amount of money spent in the remaining shops 
$=$ \$(25$n$ $-$ 90 $-$ 6$n$) 
$=$ \$(25$n$ $-$ 6$n$ $-$ 90) 
$=$ \$(19$n$ $-$ 90)

Average amount of money spent in the remaining shops 
$=$ \$(19$n$ $-$ 90) $\div$ 3 
$=$ \$($\frac{19n \, - \, 90}{3}$) 

Ans$:$ \$($\frac{19n \, - \, 90}{3}$)","Total amount spent = $(5n √ó 5) = $25n
Amount spent in first 2 shops = $(45 + 45 + 6n) = $(90 + 6n)
Amount spent in remaining shops = $(25n - 90 + 6n) = $(31n - 90)
Average amount of money spent in remaining shops = $($\frac{31n - 90}{3}$) = $($\frac{31}{3}$n - 30)
The average amount of money she spent in the remaining shops is $($\frac{31}{3}$n -30).",1,1,High Confidence,"S1 step summary: Find total amount spent in the first two shops
Marker's rationale: The student's answer fully matches the solution because the total spent in the first two shops, 90+6n, appears exactly in the working.

S2 step summary: Find total amount spent in the remaining three shops
Marker's rationale: The student's answer does not match the solution because the expression for the remaining three shops is 31n‚àí90, not the correct 19n‚àí90.

Final answer step summary: Compute the average amount spent in the remaining shops
Marker's rationale: The student's answer does not match the solution because the expression given, (31n‚àí90)/3, is not algebraically equivalent to the required (19n‚àí90)/3, although it is written with a dollar sign and in an acceptable format.","The total for the first two shops was correctly shown as 90 + 6 ùëõ 90+6n. But the remaining three shops were written as 31 ùëõ ‚àí 90 31n‚àí90 instead of the correct 19 ùëõ ‚àí 90 19n‚àí90, leading to a final average of ( 31 ùëõ ‚àí 90 ) / 3 (31n‚àí90)/3, which is not equivalent to the required ( 19 ùëõ ‚àí 90 ) / 3 (19n‚àí90)/3. Notation and format were acceptable but the algebra was wrong.","[
  {
    ""step_code"": ""S1"",
    ""step_summary"": ""Find total amount spent in the first two shops"",
    ""evidence_required"": ""$90+6n$"",
    ""mark_value"": ""1"",
    ""units_required"": ""none""
  },
  {
    ""step_code"": ""S2"",
    ""step_summary"": ""Find total amount spent in the remaining three shops"",
    ""evidence_required"": ""$19n-90$"",
    ""mark_value"": ""1"",
    ""units_required"": ""none""
  },
  {
    ""step_code"": ""Final answer"",
    ""step_summary"": ""Compute the average amount spent in the remaining shops"",
    ""evidence_required"": ""$(19n-90)/3$"",
    ""mark_value"": ""3"",
    ""units_required"": ""$""
  }
]","B) General marking standards  
3. All answers must be precise and exact unless otherwise stated.  

C) Common presentation errors  
1. Inappropriate use of equal signs  
   E.g.  
   - 40% = $300 (wrong)  
   - 4/10 = $300 (wrong)  
   - 0.4 = $300 (wrong)  
   - 3/4 = 4/5 (wrong)  
   - 7/11 = 0.636 (wrong)  
   - 7/11 ‚âà 0.64 (correct)  

2. Algebraic fractions given in linear format which changes the meaning of the fraction will be penalized.  
   E.g.  
   - 3ùë• + 4 / 7 (wrong) (3ùë• + 4) / 7 (correct)  

3. Algebraic terms with coefficient 1 written will be marked down.  
   E.g.  
   - 1ùëé + 3 (wrong)  
   - ùëé + 3 (correct)  

4. Separate algebra terms with units that are given without brackets will be marked down.  
   E.g.  
   - 2ùëé + 3 cm (wrong)  
   - (2ùëé + 3) cm (correct)  
   - 3x + 2 years (wrong)  
   - (3x+2) years (correct)  

5. Redundancy ‚Äì Leading zero, trailing zero, and zero place holders  
   E.g.  
   - 8L 020 mL (wrong)  
   - 8L 20 mL (correct)  
   - 8020 mL (correct)  
   - 0 m 95 cm (wrong)  
   - 95 cm (correct)  
   - 2.34 litres (correct)  
   - 2.340 litres (wrong) unless question specified 3 decimal places  
   - 173.9 (correct)  
   - 173.90 (wrong) unless question specified 2 decimal places  
     
   Trailing zeros on number pattern can be accepted  
   - 0.900 (correct)  

D) Units related marking  
6. The usage of S and c for dollars and cents is acceptable. Not all students understand how to type $ and ¬¢.  
   E.g.  
   - 50c (correct)  
   - S100 (correct)  

E) Alternative format provided by students  

6. Money  
   Writing dollars and cents in words is acceptable; Interchanging of comma (,) and period (.) is not acceptable; Using unnecessary brackets is not acceptable  
   - $20 and 50¬¢ (Correct)  
   - 20 dollars and 50 cents (Correct)  
   - $2500 (Correct)  
   - $2 500 (Correct)  
   - $1,250.50 (Correct)  
   - $(10t) (Wrong)  
   - $1250,50 (Wrong)"
i006,3,"Peter drew 2 semicircles and 1 triangle PRS. RO and PS are the
height and the base of the triangle respectively. O is the centre
of the 2 semicircles. The diameters of the big and small semicircle
are 14 cm and 10 cm respectively. What is the total area of the
shaded parts?<br>
(Take $\pi$ to be $\frac{22}{7}$)

![Image](https://storage.googleapis.com/geniebook/images/question/Default Folder/87219a_qsn_img_0_1606026511.png)","Radius of big semicircle $=$ 14 cm $\div$ 2 $=$ 7 cm

Area of big semicircle
$=$ $\frac{1}{2}$ $\times$ $\frac{22}{7}$ $\times$ 7 cm $\times$ 7
cm
$=$ 77 cm$^2$

Area of triangle
$=$ $\frac{1}{2}$ $\times$ 14 cm $\times$ 7 cm
$=$ 49 cm$^2$

Radius of small semicircle $=$ 10 cm $\div$ 2 $=$ 5 cm

Area of small semicircle
$=$ $\frac{1}{2}$ $\times$ $\frac{22}{7}$ $\times$ 5 cm $\times$ 5
cm
$=$ 39$\frac{2}{7}$ cm$^2$

Area of shaded part
$=$ (Area of big semicircle $-$ Area of triangle) $+$ Area of small
semicircle
$=$ (77 cm$^2$ $-$ 49 cm$^2$) $+$ 39$\frac{2}{7}$ cm$^2$
$=$ 67$\frac{2}{7}$ cm$^2$

Ans: 67$\frac{2}{7}$ cm$^2$","Area of big semicircle:$\frac{1}{2}$x$\frac{22}{7}$x7x7=77
Area of triangle:$\frac{1}{2}$x14x10=70
Area of small semicircle:$\frac{1}{2}$x$\frac{22}{7}$x5x5=39$\frac{2}{7}$
Shaded parts: 77-70=7
7+39$\frac{2}{7}$=46$\frac{2}{7}$cm$^{2}$",1,2,High Confidence,"S1 step summary: Calculate area of the big semicircle
Marker's rationale: The student's answer fully matches the solution because the area of the big semicircle is correctly shown as 77 cm¬≤.

S2 step summary: Calculate area of the small semicircle
Marker's rationale: The student's answer fully matches the solution because the area of the small semicircle is correctly calculated as 39 2/7 cm¬≤.

Final answer step summary: Combine areas (big semicircle ‚Äì triangle + small semicircle) to obtain total shaded area
Marker's rationale: The student's answer does not match the solution because the numerical value 46 2/7 cm¬≤ differs from the correct 67 2/7 cm¬≤, so Answer Equivalence fails. Units and format are acceptable but cannot earn marks without the correct value.","The areas of the big semicircle (77 cm¬≤) and small semicircle (39 2/7 cm¬≤) were both computed correctly. The final combined area, however, was given as 46 2/7 cm¬≤ rather than the correct 67 2/7 cm¬≤; despite proper units and presentation, the wrong value loses the final mark.","[
  {
    ""step_code"": ""S1"",
    ""step_summary"": ""Calculate area of the big semicircle"",
    ""evidence_required"": ""77 cm\u00b2"",
    ""mark_value"": ""1"",
    ""units_required"": ""none""
  },
  {
    ""step_code"": ""S2"",
    ""step_summary"": ""Calculate area of the small semicircle"",
    ""evidence_required"": ""39\u2156\u2044\u2087 cm\u00b2"",
    ""mark_value"": ""1"",
    ""units_required"": ""none""
  },
  {
    ""step_code"": ""Final answer"",
    ""step_summary"": ""Combine areas (big semicircle \u2013 triangle + small semicircle) to obtain total shaded area"",
    ""evidence_required"": ""67\u2156\u2044\u2087 cm\u00b2"",
    ""mark_value"": ""3"",
    ""units_required"": ""cm\u00b2""
  }
]","Relevant rules for grading this question:

B) General marking standards  
1. All fractions and ratios must be left in the simplest form unless otherwise stated.  
2. All improper fractions must be converted to mixed numbers unless otherwise stated.  
3. All answers must be precise and exact unless otherwise stated.

C) Common presentation errors  
1. Inappropriate use of equal signs ‚Ä¶ will be penalized.  
5. Redundancy ‚Äì Leading zero, trailing zero, and zero place holders ‚Ä¶ will be penalized.  
12. Labelling for geometry questions needs to strictly follow the question. When the given letters are in capital form, the answers given by students have to also be in capital letter.

D) Units related marking  
1. Angles without a degree sign will be marked down.  
(Area question ‚Äì rule retained in case students cite angles.)  
6. The usage of S and c for dollars and cents is acceptable. (Not applicable here but kept only currency rule unnecessary) ‚Äì Actually not needed. Remove.  
We focus: Units for area. None explicit but power units part of E2.

E) Alternative format provided by students  
2. Powers in units  
   Original form: cm¬≤  
   - cm2 (Correct)  
   - cm^2 (Correct)  
   - cm square (Correct)  
   - square cm (Correct)  
   - ^cm2 (Wrong)

G) No calculator questions  
When the question states 'Show your working clearly', students' final answer step must include working. (Include since maybe no calculator.)

Finish within 500 words."
i007,4,"Andy earned \$4200 a month, while Brad earned \$450 less than Andy
each month. Andy and Brad spent \$1900 and \$1550 a month
respectively, and saved the rest. What was the difference between
the monthly savings that Andy and Brad had?","Brad's monthly salary $=$ \$4200 $-$ \$450 $=$ \$3750

Andy's monthly savings $=$ \$4200 $-$ \$1900 $=$ \$2300

Brad's monthly savings $=$ \$3750 $-$ \$1550 $=$ \$2200

Difference in their monthly savings $=$ \$2300 $-$ \$2200 $=$
\$100

Ans: \$100","No of $ brad earned every month = 4200 - 450 = 3750

No of brad earned every month (after some money spent) = 3750 - 1550 =2200

No of Andy earned every month (after some money spent) = 4200 - 1900 =2300

The difference between the monthly savings that andy and brad had = 2300 - 2200 = 100

Ans 100",3,3,High Confidence,"S1 step summary: Calculate Brad's monthly salary
Marker's rationale: The student's answer fully matches the solution because the value 3750, Brad‚Äôs salary, is explicitly shown.

S2 step summary: Calculate Andy's monthly savings
Marker's rationale: The student's answer fully matches the solution because the value 2300, Andy‚Äôs savings, is explicitly shown.

S3 step summary: Calculate Brad's monthly savings
Marker's rationale: The student's answer fully matches the solution because the value 2200, Brad‚Äôs savings, is explicitly shown.

Final answer step summary: Find the difference between Andy's and Brad's monthly savings
Marker's rationale: The student's answer partially matches the solution because the numeric answer 100 is correct (criterion 1) and clearly stated (criterion 3), but the required money unit ‚Äú$‚Äù is missing in the final answer (criterion 2).","Intermediate values are all correct and shown: Brad‚Äôs salary 3750, Andy‚Äôs savings 2300, Brad‚Äôs savings 2200. The final numerical difference of 100 is correct and clearly presented, but the required money unit ‚Äú$‚Äù is missing, so the otherwise correct answer is incomplete.","[
  {
    ""step_code"": ""S1"",
    ""step_summary"": ""Calculate Brad's monthly salary"",
    ""evidence_required"": ""3750"",
    ""mark_value"": ""1"",
    ""units_required"": ""none""
  },
  {
    ""step_code"": ""S2"",
    ""step_summary"": ""Calculate Andy's monthly savings"",
    ""evidence_required"": ""2300"",
    ""mark_value"": ""1"",
    ""units_required"": ""none""
  },
  {
    ""step_code"": ""S3"",
    ""step_summary"": ""Calculate Brad's monthly savings"",
    ""evidence_required"": ""2200"",
    ""mark_value"": ""1"",
    ""units_required"": ""none""
  },
  {
    ""step_code"": ""Final answer"",
    ""step_summary"": ""Find the difference between Andy's and Brad's monthly savings"",
    ""evidence_required"": ""$100"",
    ""mark_value"": ""4"",
    ""units_required"": ""$""
  }
]","The following rules from the Full Marking Guideline are required to grade students‚Äô answers to this money-based savings-difference question.

B) General marking standards  
3. All answers must be precise and exact unless otherwise stated.

C) Common presentation errors  
1. Inappropriate use of equal signs  
5. Redundancy ‚Äì Leading zero, trailing zero, and zero place holders

D) Units related marking  
6. The usage of S and c for dollars and cents is acceptable. Not all students understand how to type $ and ¬¢.  
   E.g.  
   - 50c (correct)  
   - S100 (correct)

E) Alternative format provided by students  
6. Money  
   Writing dollars and cents in words is acceptable; Interchanging of comma (,) and period (.) is not acceptable; Using unnecessary brackets is not acceptable  
   - $20 and 50¬¢ (Correct)  
   - 20 dollars and 50 cents (Correct)  
   - $2500 (Correct)  
   - $2 500 (Correct)  
   - $1,250.50 (Correct)  
   - $(10t) (Wrong)  
   - $1250,50 (Wrong)"
i008,4,"<html><head></head><body><p>There are different coloured lights on a Christmas tree. The red light blink once every 2 seconds, the green light blink once every 5 seconds and the yellow light blink once every 10 seconds. How many times will all three coloured lights blink together in half a minute?</p></body></html>","Multiples of 2: 2, 4, 6, 8, 10Multiples of 5: 5, 10, 15, 20, 25Multiples of 10: 10, 20, 30, 40 , 50All three coloured lights will blink together every 10 s.Half a minute $=$ 30 sNumber of times all three coloured lights will blink together in 30 seconds¬†$=$ 30 s $\div$ 10 s$=$ 3Ans$:$ 3 times","Multiples of 2:  2 , 4, 6, 8, 10, 12, 14, 16, 18, 20
Multiples of 5: 5, 10, 15, 20, 25, 30, 35, 40, 45, 50
Multiples of 10:  10, 20, 30, 40, 50, 60, 70, 80, 90, 100
Ans : 10",2,1,Low Confidence,"S1 step summary: Find the common blinking interval (LCM of 2 s, 5 s and 10 s)
Marker's rationale: The student's answer fully matches the solution because the value 10 appears in all three multiple lists, showing they identified 10 s as the common blinking interval.

S2 step summary: Convert half a minute to seconds
Marker's rationale: The student's answer does not match the solution because there is no conversion of half a minute to 30 s anywhere in the working.

S3 step summary: Calculate how many common intervals fit into 30 s
Marker's rationale: The student's answer does not match the solution because they did not divide 30 s by 10 s to obtain 3; no value ‚Äò3‚Äô is shown.

Final answer step summary: State the total number of times all lights blink together in half a minute
Marker's rationale: The student's answer does not match the solution because the stated total (10) is not mathematically equivalent to the required answer 3. Units are not required and the format is acceptable, but correctness fails.","The common blinking interval was correctly identified as 10 s. The student did not convert half a minute to 30 s, nor show dividing 30 s by 10 s to obtain 3. The final answer ‚Äú10‚Äù is therefore not equivalent to the required ‚Äú3,‚Äù even though formatting and units needs were otherwise acceptable.","[
  {
    ""step_code"": ""S1"",
    ""step_summary"": ""Find the common blinking interval (LCM of 2 s, 5 s and 10 s)"",
    ""evidence_required"": ""10 s"",
    ""mark_value"": ""1"",
    ""units_required"": ""none""
  },
  {
    ""step_code"": ""S2"",
    ""step_summary"": ""Convert half a minute to seconds"",
    ""evidence_required"": ""30 s"",
    ""mark_value"": ""1"",
    ""units_required"": ""none""
  },
  {
    ""step_code"": ""S3"",
    ""step_summary"": ""Calculate how many common intervals fit into 30 s"",
    ""evidence_required"": ""3"",
    ""mark_value"": ""1"",
    ""units_required"": ""none""
  },
  {
    ""step_code"": ""Final answer"",
    ""step_summary"": ""State the total number of times all lights blink together in half a minute"",
    ""evidence_required"": ""3"",
    ""mark_value"": ""4"",
    ""units_required"": ""none""
  }
]","The following rules from the Full Marking Guideline are potentially relevant for grading pupils‚Äô answers to the Christmas-tree blinking-lights question. (Section / rule numbers are kept unchanged.)

B) General marking standards  
3. All answers must be precise and exact unless otherwise stated.

C) Common presentation errors  
1. Inappropriate use of equal signs  
   E.g.  
   - 40% = $300 (wrong)  
   ‚Ä¶  
   (Ensure a pupil does not use an unjustified ‚Äú=‚Äù before the final answer.)  

5. Redundancy ‚Äì Leading zero, trailing zero, and zero place holders  
   E.g.  
   - 173.9 (correct)  
   - 173.90 (wrong) unless question specified 2 decimal places  
   (If a pupil writes something like ‚Äú03‚Äù or ‚Äú3.0‚Äù when the exact answer is 3, apply this rule.)

D) Units related marking  
(There is no specific time-unit requirement for this problem, but pupils might append the word ‚Äútimes‚Äù.  None of the listed Unit rules penalise or mandate that, so no extra time-unit rule is extracted.)

H) Others  
6. When students are asked about how the items are grouped, as long as their answers are logically correct, we will give full marks.

(Although the question is not explicitly about grouping, pupils may explain grouping of seconds or blinks in their working; this rule allows flexibility in awarding method marks as long as logic is sound.)"